idx,month,day,old,new,poem,Prov,link
2,01,02,창3:1-4:26,마2:13-3:6,시2:1-12,잠1:7-9,https://www.youtube.com/watch?v=mH7BwbzBKnI
3,01,03,창5:1-7:24,마3:7-4:11,시3:1-8,잠1:10-19,https://www.youtube.com/watch?v=lIJm_0ma1Eg
5,01,05,창11:1-13:4,마5:1-26,시5:1-12,잠1:24-28,https://www.youtube.com/watch?v=jMsb1g8RNeQ
6,01,06,창13:5-15:21,마5:27-48,시6:1-10,잠1:29-33,https://www.youtube.com/watch?v=Munzp-A4SsM
7,01,07,창16:1-18:19,마6:1-24,시7:1-17,잠2:1-5,https://www.youtube.com/watch?v=nv8HxPNlWVs
8,01,08,창18:20-19:38,마6:25-7:14,시8:1-9,잠2:6-15,https://www.youtube.com/watch?v=T4dfT-lLMLs
9,01,09,창20:1-22:24,마7:15-29,시9:1-12,잠2:16-22,https://www.youtube.com/watch?v=-4aKP1NpOj0
10,01,10,창23:1-24:51,마8:1-17,시9:13-20,잠3:1-6,https://www.youtube.com/watch?v=v-qz0aRaaaE
11,01,11,창24:52-26:16,마8:18-34,시10:1-15,잠3:7-8,https://www.youtube.com/watch?v=JkvH90jwqTc
12,01,12,창26:17-27:46,마9:1-17,시10:16-18,잠3:9-10,https://www.youtube.com/watch?v=4jcqiR1lMgc
13,01,13,창28:1-29:35,마9:18-38,시11:1-7,잠3:11-12,https://www.youtube.com/watch?v=l-LqiuI0kFg
14,01,14,창30:1-31:16,마10:1-25,시12:1-8,잠3:13-15,https://www.youtube.com/watch?v=A5L2T5G4pVA
15,01,15,창31:17-32:12,마10:26-11:6,시13:1-6,잠3:16-18,https://www.youtube.com/watch?v=vGD1-pVbBvM
16,01,16,창32:13-34:31,마11:7-30,시14:1-7,잠3:19-20,https://www.youtube.com/watch?v=_2QiebclSlU
17,01,17,창35:1-36:43,마12:1-21,시15:1-5,잠3:21-26,https://www.youtube.com/watch?v=LDmy5BHVZOk
18,01,18,창37:1-38:30,마12:22-45,시16:1-11,잠3:27-32,https://www.youtube.com/watch?v=T1FuDQyytDs
19,01,19,창39:1-41:16,마12:46-13:23,시17:1-15,잠3:33-35,https://www.youtube.com/watch?v=QWkZqvbwn_I
20,01,20,창41:17-42:17,마13:24-46,시18:1-15,잠4:1-6,https://www.youtube.com/watch?v=I798ECkIlOE
21,01,21,창42:18-43:34,마13:47-14:12,시18:16-36,잠4:7-10,https://www.youtube.com/watch?v=TG2xkmPoaWU
22,01,22,창44:1-45:28,마14:13-36,시18:37-50,잠4:11-13,https://www.youtube.com/watch?v=X1dXJDY58do
23,01,23,창46:1-47:31,마15:1-28,시19:1-14,잠4:14-19,https://www.youtube.com/watch?v=tCNA8fweDnk
24,01,24,창48:1-49:33,마15:29-16:12,시20:1-9,잠4:20-27,https://www.youtube.com/watch?v=NYew8jLvYTc
25,01,25,창50:1-출2:10,마16:13-17:9,시21:1-13,잠5:1-6,https://www.youtube.com/watch?v=1xoKHuB-4s8
26,01,26,출2:11-3:22,마17:10-27,시22:1-18,잠5:7-14,https://www.youtube.com/watch?v=KvRRAEp6dzs
27,01,27,출4:1-5:21,마18:1-22,시22:19-31,잠5:15-21,https://www.youtube.com/watch?v=ZW5SxLD8TkU
28,01,28,출5:22-7:24,마18:23-19:12,시23:1-6,잠5:22-23,https://www.youtube.com/watch?v=qnGuGiU1lr8
29,01,29,출7:25-9:35,마19:13-30,시24:1-10,잠6:1-5,https://www.youtube.com/watch?v=lTsaMP4zow8
30,01,30,출10:1-12:13,마20:1-28,시25:1-15,잠6:6-11,https://www.youtube.com/watch?v=4xRyR129tRU
31,01,31,출12:14-13:16,마20:29-21:22,시25:16-22,잠6:12-15,https://www.youtube.com/watch?v=G-27K1RST7w
32,02,01,출13:17-15:18,마21:23-46,시26:1-12,잠6:16-19,https://www.youtube.com/watch?v=z1QnhScC_bo
33,02,02,출15:19-17:7,마22:1-33,시27:1-6,잠6:20-26,https://www.youtube.com/watch?v=O4WlzZt5rj0&t=7s
34,02,03,출17:8-19:15,마22:34-23:12,시27:7-14,잠6:27-35,https://www.youtube.com/watch?v=4zdOlhoJcyM&t=35s
35,02,04,출19:16-21:21,마23:13-39,시28:1-9,잠7:1-5,https://www.youtube.com/watch?v=DymI0ouZ_JQ
36,02,05,출21:22-23:13,마24:1-28,시29:1-11,잠7:6-23,https://www.youtube.com/watch?v=4vxEaHArwtQ&t=11s
37,02,06,출23:14-25:40,마24:29-51,시30:1-12,잠7:24-27,https://www.youtube.com/watch?v=6z5rX7-wYcg
38,02,07,출26:1-27:21,마25:1-30,시31:1-8,잠8:1-11,https://www.youtube.com/watch?v=9b-qvpxPKT0
39,02,08,출28:1-43,마25:31-26:13,시31:9-18,잠8:12-13,https://www.youtube.com/watch?v=FI6bMDvxLsU
40,02,09,출29:1-30:10,마26:14-46,시31:19-24,잠8:14-26,https://www.youtube.com/watch?v=isueRm2rCFo
41,02,10,출30:11-31:18,마26:47-68,시32:1-11,잠8:27-32,https://www.youtube.com/watch?v=BUT9vXtFoqA&t=71s
42,02,11,출32:1-33:23,마26:69-27:14,시33:1-11,잠8:33-36,https://www.youtube.com/watch?v=Muc4pIPESUo
43,02,12,출34:1-35:9,마27:15-31,시33:12-22,잠9:1-6,https://www.youtube.com/watch?v=KXNiIlV5RhA&t=27s
44,02,13,출35:10-36:38,마27:32-66,시34:1-10,잠9:7-8,https://www.youtube.com/watch?v=5CBH3X-k-WY&t=5s
45,02,14,출37:1-38:31,마28:1-20,시34:11-22,잠9:9-10,https://www.youtube.com/watch?v=MQp8IWZqcUE
46,02,15,출39:1-40:38,막1:1-28,시35:1-16,잠9:11-12,https://www.youtube.com/watch?v=ERFDDzWz1jw
47,02,16,레1:1-3:17,막1:29-2:12,시35:17-28,잠9:13-18,https://www.youtube.com/watch?v=aTuDWZeehv0
48,02,17,레4:1-5:19,막2:13-3:6,시36:1-12,잠10:1-2,https://www.youtube.com/watch?v=HMvXpjKsOX4
49,02,18,레6:1-7:27,막3:7-30,시37:1-11,잠10:3-4,https://www.youtube.com/watch?v=IkJXclnD0AA
50,02,19,레7:28-9:6,막3:31-4:25,시37:12-29,잠10:5,https://www.youtube.com/watch?v=-x2T_VEt5rs&t=27s
51,02,20,레9:7-10:20,막4:26-5:20,시37:30-40,잠10:6-7,https://www.youtube.com/watch?v=cFNJ8K7ozYg&t=3s
52,02,21,레11:1-12:8,막5:21-43,시38:1-22,잠10:8-9,https://www.youtube.com/watch?v=SFRL0q9Vs1U&t=11s
53,02,22,레13:1-59,막6:1-29,시39:1-13,잠10:10,https://www.youtube.com/watch?v=vS_YNEZIlVQ
54,02,23,레14:1-57,막6:30-56,시40:1-10,잠10:11-12,https://www.youtube.com/watch?v=5YWQy4tE8tA
55,02,24,레15:1-16:28,막7:1-23,시40:11-17,잠10:13-14,https://www.youtube.com/watch?v=O5bDiUa7uik
56,02,25,레16:29-18:30,막7:24-8:10,시41:1-13,잠10:15-16,https://www.youtube.com/watch?v=HhlvKy_23aQ
57,02,26,레19:1-20:21,막8:11-38,시42:1-11,잠10:17,https://www.youtube.com/watch?v=ToM45KroOlI
58,02,27,레20:22-22:16,막9:1-29,시43:1-5,잠10:18,https://www.youtube.com/watch?v=JvbCAai2DeY
59,02,28,레22:17-23:44,막9:30-10:12,시44:1-8,잠10:19,https://www.youtube.com/watch?v=6R2c-Bk4xj8
60,03,01,레24:1-25:46,막10:13-31,시44:9-26,잠10:20-21,https://www.youtube.com/watch?v=i2MgOqrTLoA
61,03,02,레25:47-27:13,막10:32-52,시45:1-17,잠10:22,https://www.youtube.com/watch?v=Fn1cSDwjjak
62,03,03,레27:14-민1:54,막11:1-25,시46:1-11,잠10:23,https://www.youtube.com/watch?v=I_HKY3JqMUM
63,03,04,민2:1-3:51,막11:27-12:17,시47:1-9,잠10:24-25,https://www.youtube.com/watch?v=9acg5CWk31I
64,03,05,민4:1-5:31,막12:18-37,시48:1-14,잠10:26,https://www.youtube.com/watch?v=1tKPE5FvVPY
65,03,06,민6:1-7:89,막12:38-13:13,시49:1-20,잠10:27-28,https://www.youtube.com/watch?v=mbIx9ZyaclY
66,03,07,민8:1-9:23,막13:14-37,시50:1-23,잠10:29-30,https://www.youtube.com/watch?v=wzRsQPZSMO8
67,03,08,민10:1-11:23,막14:1-21,시51:1-19,잠10:31-32,https://www.youtube.com/watch?v=bMtDJqEdmR8
68,03,09,민11:24-13:33,막14:22-52,시52:1-9,잠11:1-3,https://www.youtube.com/watch?v=xmwHfJoUUwk
69,03,10,민14:1-15:16,막14:53-72,시53:1-6,잠11:4,https://www.youtube.com/watch?v=wGxHTZWg3yU
70,03,11,민15:17-16:40,막15:1-47,시54:1-7,잠11:5-6,https://www.youtube.com/watch?v=61JaVUgTJIU
71,03,12,민16:41-18:32,막16:1-20,시55:1-23,잠11:7,https://www.youtube.com/watch?v=fjapOSCtP7A
72,03,13,민19:1-20:29,눅1:1-25,시56:1-13,잠11:8,https://www.youtube.com/watch?v=c9hTOCb-uws
73,03,14,민21:1-22:20,눅1:26-56,시57:1-11,잠11:9-11,https://www.youtube.com/watch?v=pSdbZWtmClE
74,03,15,민22:21-23:30,눅1:57-80,시58:1-11,잠11:12-13,https://www.youtube.com/watch?v=JU5_m6OdBQ4
75,03,16,민24:1-25:18,눅2:1-35,시59:1-17,잠11:14,https://www.youtube.com/watch?v=hcefQZiidKQ
76,03,17,민26:1-51,눅2:36-52,시60:1-12,잠11:15,https://www.youtube.com/watch?v=1rl8sL02FEQ&t=2s
77,03,18,민26:52-28:15,눅3:1-22,시61:1-8,잠11:16-17,https://www.youtube.com/watch?v=_ac1zOrjF38
78,03,19,민28:16-29:40,눅3:23-38,시62:1-12,잠11:18-19,https://www.youtube.com/watch?v=P93YJWxRZbA&t=6s
79,03,20,민30:1-31:54,눅4:1-30,시63:1-11,잠11:20-21,https://www.youtube.com/watch?v=5lqCO8up11o
80,03,21,민32:1-33:39,눅4:31-5:11,시64:1-10,잠11:22,https://www.youtube.com/watch?v=sng_K5KKrzk
81,03,22,민33:40-35:34,눅5:12-28,시65:1-13,잠11:23,https://www.youtube.com/watch?v=UV46fKMJMpc&t=4s
82,03,23,민36:1-신1:46,눅5:29-6:11,시66:1-20,잠11:24-26,https://www.youtube.com/watch?v=FF7CBHL5PcM
83,03,24,신2:1-3:29,눅6:12-38,시67:1-7,잠11:27,https://www.youtube.com/watch?v=iVyce48PFP4
84,03,25,신4:1-49,눅6:39-7:10,시68:1-18,잠11:28,https://www.youtube.com/watch?v=1eTQJfIGliI&t=20s
85,03,26,신5:1-6:25,눅7:11-35,시68:19-35,잠11:29-31,https://www.youtube.com/watch?v=z2QhDDgziJ4
86,03,27,신7:1-8:20,눅7:36-8:3,시69:1-18,잠12:1,https://www.youtube.com/watch?v=fv5r8GgMIII
87,03,28,신9:1-10:22,눅8:4-21,시69:19-36,잠12:2-3,https://www.youtube.com/watch?v=4zHcmiVtRNA
88,03,29,신11:1-12:32,눅8:22-39,시70:1-5,잠12:4,https://www.youtube.com/watch?v=Ut7__xpwjrA
89,03,30,신13:1-15:23,눅8:40-9:6,시71:1-24,잠12:5-7,https://www.youtube.com/watch?v=ITAm4PjALAI
90,03,31,신16:1-17:20,눅9:7-27,시72:1-20,잠12:8-9,https://www.youtube.com/watch?v=UBgCdDNpkfg
91,04,01,신18:1-20:20,눅9:28-50,시73:1-28,잠12:10,https://www.youtube.com/watch?v=4tjxEaK9PPM
92,04,02,신21:1-22:30,눅9:51-10:12,시74:1-23,잠12:11,https://www.youtube.com/watch?v=_3STGKcNxUk
93,04,03,신23:1-25:19,눅10:13-37,시75:1-10,잠12:12-14,https://www.youtube.com/watch?v=9Xu7F4yeQYQ
94,04,04,신26:1-27:26,눅10:38-11:13,시76:1-12,잠12:15-17,https://www.youtube.com/watch?v=63RoGJa8Evc
95,04,05,신28:1-68,눅11:14-36,시77:1-20,잠12:18,https://www.youtube.com/watch?v=A1Qd6RWIDxo
96,04,06,신29:1-30:20,눅11:37-12:7,시78:1-31,잠12:19-20,https://www.youtube.com/watch?v=AgootDJQiJQ
97,04,07,신31:1-32:27,눅12:8-34,시78:32-55,잠12:21-23,https://www.youtube.com/watch?v=hNQf6MeN0n8
98,04,08,신32:28-52,눅12:35-59,시78:56-64,잠12:24,https://www.youtube.com/watch?v=fc-c2VIfsfc
99,04,09,신33:1-29,눅13:1-21,시78:65-72,잠12:25,https://www.youtube.com/watch?v=Si2Xj2T5bYg
100,04,10,신34:1-수2:24,눅13:22-14:6,시79:1-13,잠12:26,https://www.youtube.com/watch?v=U2iV_FnAras
101,04,11,수3:1-4:24,눅14:7-35,시80:1-19,잠12:27-28,https://www.youtube.com/watch?v=Wa6uZRwQ1oY
102,04,12,수5:1-7:15,눅15:1-32,시81:1-16,잠13:1,https://www.youtube.com/watch?v=S9f0iFCwA4k
103,04,13,수7:16-9:2,눅16:1-18,시82:1-8,잠13:2-3,https://www.youtube.com/watch?v=4IS9J-QbpuA
104,04,14,수9:3-10:43,눅16:19-17:10,시83:1-18,잠13:4,https://www.youtube.com/watch?v=vKXAUMx7lDc
105,04,15,수11:1-12:24,눅17:11-37,시84:1-12,잠13:5-6,https://www.youtube.com/watch?v=9jiD7TNh3vc&t=1s
106,04,16,수13:1-14:15,눅18:1-17,시85:1-13,잠13:7-8,https://www.youtube.com/watch?v=HuY5atBlnGk&t=1s
107,04,17,수15:1-63,눅18:18-43,시86:1-17,잠13:9-10,https://www.youtube.com/watch?v=RgXHoBTkBls
108,04,18,수16:1-18:28,눅19:1-27,시87:1-7,잠13:11,https://www.youtube.com/watch?v=RFNqbyG16Uw
109,04,19,수19:1-20:9,눅19:28-48,시88:1-18,잠13:12-14,https://www.youtube.com/watch?v=AScqxYxXOAs
110,04,20,수21:1-22:20,눅20:1-26,시89:1-13,잠13:15-16,https://www.youtube.com/watch?v=ryojjuiwbTw
111,04,21,수22:21-23:16,눅20:27-47,시89:14-37,잠13:17-19,https://www.youtube.com/watch?v=SpRXF7xF-7U
112,04,22,수24:1-33,눅21:1-28,시89:38-52,잠13:20-23,https://www.youtube.com/watch?v=n2FAsAKo06w
113,04,23,삿1:1-2:9,눅21:29-22:13,시90:1-91:16,잠13:24-25,https://www.youtube.com/watch?v=MqbFjWeyJ-Y
114,04,24,삿2:10-3:31,눅22:14-34,시92:1-93:5,잠14:1-2,https://www.youtube.com/watch?v=svqUo4OSzv8
115,04,25,삿4:1-5:31,눅22:35-53,시94:1-23,잠14:3-4,https://www.youtube.com/watch?v=ABI9NpxPpyU&t=2s
116,04,26,삿6:1-40,눅22:54-23:12,시95:1-96:13,잠14:5-6,https://www.youtube.com/watch?v=b0PCbtEveIg
117,04,27,삿7:1-8:17,눅23:13-43,시97:1-98:9,잠14:7-8,https://www.youtube.com/watch?v=TSD2ASH8rtE
118,04,28,삿8:18-9:21,눅23:44-24:12,시99:1-9,잠14:9-10,https://www.youtube.com/watch?v=yuzc45KUdIA
119,04,29,삿9:22-10:18,눅24:13-53,시100:1-5,잠14:11-12,https://www.youtube.com/watch?v=7q6Gd05zeVk
120,04,30,삿11:1-12:15,요1:1-28,시101:1-8,잠14:13-14,https://youtu.be/DxVRtp5IJvo
121,05,01,삿13:1-14:20,요1:29-51,시102:1-28,잠14:15-16,https://www.youtube.com/watch?v=AiJVxnz7cQQ
122,05,02,삿15:1-16:31,요2:1-25,시103:1-22,잠14:17-19,https://www.youtube.com/watch?v=uU6GszMxANo
123,05,03,삿17:1-18:31,요3:1-21,시104:1-23,잠14:20-21,https://www.youtube.com/watch?v=W8ToezGK-AI
124,05,04,삿19:1-20:48,요3:22-4:3,시104:24-35,잠14:22-24,https://www.youtube.com/watch?v=D2ye5IDgDz8
125,05,05,삿21:1-룻1:22,요4:4-42,시105:1-15,잠14:25,https://www.youtube.com/watch?v=pcDcEI9LN4I&t=1s
126,05,06,룻2:1-4:22,요4:43-54,시105:16-36,잠14:26-27,https://www.youtube.com/watch?v=LCxEwqIR8yU
127,05,07,삼상1:1-2:21,요5:1-23,시105:37-45,잠14:28-29,https://www.youtube.com/watch?v=FcVLgMhI4FQ
128,05,08,삼상2:22-4:22,요5:24-47,시106:1-12,잠14:30-31,https://www.youtube.com/watch?v=IU1A-B7ojH4
129,05,09,삼상5:1-7:17,요6:1-21,시106:13-31,잠14:32-33,https://www.youtube.com/watch?v=XOKGY6hPzeA
130,05,10,삼상8:1-9:27,요6:22-42,시106:32-48,잠14:34-35,https://www.youtube.com/watch?v=ZPhywcq475M
131,05,11,삼상10:1-11:15,요6:43-71,시107:1-43,잠15:1-3,https://www.youtube.com/watch?v=ZfDC1Y6A1gI
132,05,12,삼상12:1-13:22,요7:1-29,시108:1-13,잠15:4,https://www.youtube.com/watch?v=Z2bmO2IZLDg
133,05,13,삼상13:23-14:52,요7:30-53,시109:1-31,잠15:5-7,https://www.youtube.com/watch?v=5Xfqj5ijeJo
134,05,14,삼상15:1-16:23,요8:1-20,시110:1-7,잠15:8-10,https://www.youtube.com/watch?v=Oxdh1l4wTfk
135,05,15,삼상17:1-18:4,요8:21-30,시111:1-10,잠15:11,https://www.youtube.com/watch?v=BlaRIMLUYkg
136,05,16,삼상18:5-19:24,요8:31-59,시112:1-10,잠15:12-14,https://www.youtube.com/watch?v=p1boTSos_IA
137,05,17,삼상20:1-21:15,요9:1-41,시113:1-114:8,잠15:15-17,https://www.youtube.com/watch?v=aWha6HvZXEA
138,05,18,삼상22:1-23:29,요10:1-21,시115:1-18,잠15:18-19,https://www.youtube.com/watch?v=6K_QUzu9Rpo
139,05,19,삼상24:1-25:44,요10:22-42,시116:1-19,잠15:20-21,https://www.youtube.com/watch?v=RC4CY3Vpg64
140,05,20,삼상26:1-28:25,요11:1-53,시117:1-2,잠15:22-23,https://www.youtube.com/watch?v=qKgJJP-fjpQ
141,05,21,삼상29:1-31:13,요11:54-12:19,시118:1-18,잠15:24-26,https://www.youtube.com/watch?v=zdigxgPxKEo
142,05,22,삼하1:1-2:11,요12:20-50,시118:19-29,잠15:27-28,https://www.youtube.com/watch?v=EaSqhIFk_FE
143,05,23,삼하2:12-3:39,요13:1-30,시119:1-16,잠15:29-30,https://www.youtube.com/watch?v=O24lmYWzbec
144,05,24,삼하4:1-6:23,요13:31-14:14,시119:17-32,잠15:31-32,https://www.youtube.com/watch?v=OWGawtzzu8A
145,05,25,삼하7:1-8:18,요14:15-31,시119:33-48,잠15:33,https://www.youtube.com/watch?v=tdaZLQX8TDM
146,05,26,삼하9:1-11:27,요15:1-27,시119:49-64,잠16:1-3,https://www.youtube.com/watch?v=0i5_cz3oxfk
147,05,27,삼하12:1-31,요16:1-33,시119:65-80,잠16:4-5,https://www.youtube.com/watch?v=RtuhAS9HHsM
148,05,28,삼하13:1-39,요17:1-26,시119:81-96,잠16:6-7,https://www.youtube.com/watch?v=bspEthujm-8
149,05,29,삼하14:1-15:22,요18:1-24,시119:97-112,잠16:8-9,https://www.youtube.com/watch?v=o-9NTxOUzL8
150,05,30,삼하15:23-16:23,요18:25-19:22,시119:113-128,잠16:10-11,https://www.youtube.com/watch?v=KXNwsCDQLHo
151,05,31,삼하17:1-29,요19:23-42,시119:129-152,잠16:12-13,https://www.youtube.com/watch?v=3iDIgNINmQM
152,06,01,삼하18:1-19:10,요20:1-31,시119:153-176,잠16:14-15,https://www.youtube.com/watch?v=JwxrkFtmuIE
153,06,02,삼하19:11-20:13,요21:1-25,시120:1-7,잠16:16-17,https://www.youtube.com/watch?v=8P4HRDr0i_U
154,06,03,삼하20:14-22:20,행1:1-26,시121:1-8,잠16:18,https://www.youtube.com/watch?v=uRtahnlnVmQ
155,06,04,삼하22:21-23:23,행2:1-47,시122:1-9,잠16:19-20,https://www.youtube.com/watch?v=hPFnqmOVxCY
156,06,05,삼하23:24-24:25,행3:1-26,시123:1-4,잠16:21-23,https://www.youtube.com/watch?v=O_idahelFZA
157,06,06,왕상1:1-53,행4:1-37,시124:1-8,잠16:24,https://www.youtube.com/watch?v=50n9L71Vqyw
158,06,07,왕상2:1-3:3,행5:1-42,시125:1-5,잠16:25,https://www.youtube.com/watch?v=K2WcXsfrbr4
159,06,08,왕상3:4-4:34,행6:1-15,시126:1-6,잠16:26-27,https://www.youtube.com/watch?v=T4zlIyFkb7Q
160,06,09,왕상5:1-6:38,행7:1-29,시127:1-5,잠16:28-30,https://www.youtube.com/watch?v=iLFznd14dYE
161,06,10,왕상7:1-51,행7:30-50,시128:1-6,잠16:31-33,https://www.youtube.com/watch?v=NRN_8dCOLyc
162,06,11,왕상8:1-66,행7:51-8:13,시129:1-8,잠17:1,https://www.youtube.com/watch?v=qZCXwvKreUo
163,06,12,왕상9:1-10:29,행8:14-40,시130:1-8,잠17:2-3,https://www.youtube.com/watch?v=kjLeBQbs_Vo
164,06,13,왕상11:1-12:19,행9:1-25,시131:1-3,잠17:4-5,https://www.youtube.com/watch?v=pK_BI68nmrw
165,06,14,왕상12:20-13:34,행9:26-43,시132:1-18,잠17:6,https://www.youtube.com/watch?v=Aa6I50dH3qc
166,06,15,왕상14:1-15:24,행10:1-23상,시133:1-3,잠17:7-8,https://www.youtube.com/watch?v=VgL1gkExbaY
167,06,16,왕상15:25-17:24,행10:23하-48,시134:1-3,잠17:9-11,https://www.youtube.com/watch?v=jJ6x91Ukqks
168,06,17,왕상18:1-46,행11:1-30,시135:1-21,잠17:12-13,https://www.youtube.com/watch?v=OrDD2-ejrIw
169,06,18,왕상19:1-21,행12:1-23,시136:1-26,잠17:14-15,https://www.youtube.com/watch?v=qAcrS8UlXnA
170,06,19,왕상20:1-21:29,행12:24-13:15,시137:1-9,잠17:16,https://www.youtube.com/watch?v=5DtufStjuo0
171,06,20,왕상22:1-53,행13:16-41,시138:1-8,잠17:17-18,https://www.youtube.com/watch?v=fa2NNGfIT6s
172,06,21,왕하1:1-2:25,행13:42-14:7,시139:1-24,잠17:19-21,https://www.youtube.com/watch?v=__C1Qs5tUF4
173,06,22,왕하3:1-4:17,행14:8-28,시140:1-13,잠17:22,https://www.youtube.com/watch?v=4lHY7LAKLcI
174,06,23,왕하4:18-5:27,행15:1-35,시141:1-10,잠17:23,https://www.youtube.com/watch?v=DbLesCEpUy8
175,06,24,왕하6:1-7:20,행15:36-16:15,시142:1-7,잠17:24-25,https://www.youtube.com/watch?v=NlJL0XXIkH4
176,06,25,왕하8:1-9:13,행16:16-40,시143:1-12,잠17:26,https://www.youtube.com/watch?v=k_ZJn2IKaOY
177,06,26,왕하9:14-10:31,행17:1-34,시144:1-15,잠17:27-28,https://www.youtube.com/watch?v=JpvQs0Smc88
178,06,27,왕하10:32-12:21,행18:1-22,시145:1-21,잠18:1,https://www.youtube.com/watch?v=hp0c36Phh3M
179,06,28,왕하13:1-14:29,행18:23-19:12,시146:1-10,잠18:2-3,https://www.youtube.com/watch?v=MpcYKKOqNmQ
180,06,29,왕하15:1-16:20,행19:13-41,시147:1-20,잠18:4-5,https://www.youtube.com/watch?v=KAAX9Lbcm2E
181,06,30,왕하17:1-18:12,행20:1-38,시148:1-14,잠18:6-7,https://www.youtube.com/watch?v=3AJ1xmonPkw
182,07,01,왕하18:13-19:37,행21:1-16,시149:1-9,잠18:8,https://www.youtube.com/watch?v=YRuH9tso5mU
183,07,02,왕하20:1-22:2,행21:17-36,시150:1-6,잠18:9-10,https://www.youtube.com/watch?v=WEi6KyYTHGw
184,07,03,왕하22:3-23:30,행21:37-22:16,시1:1-6,잠18:11-12,https://www.youtube.com/watch?v=MfsRnLBvqko
185,07,04,왕하23:31-25:30,행22:17-23:10,시2:1-12,잠18:13,https://www.youtube.com/watch?v=l_CSXqU6eVw
186,07,05,대상1:1-2:17,행23:11-35,시3:1-8,잠18:14-15,https://www.youtube.com/watch?v=S4WmdgDuudg
187,07,06,대상2:18-4:4,행24:1-27,시4:1-8,잠18:16-18,https://www.youtube.com/watch?v=RHZ0gHZHDg4
188,07,07,대상4:5-5:17,행25:1-27,시5:1-12,잠18:19,https://www.youtube.com/watch?v=7sPkF1ctB94
189,07,08,대상5:18-6:81,행26:1-32,시6:1-10,잠18:20-21,https://www.youtube.com/watch?v=Tw5s5dEatK8
190,07,09,대상7:1-8:40,행27:1-20,시7:1-17,잠18:22,https://www.youtube.com/watch?v=GTvfCWZEDMg&t=3s
191,07,10,대상9:1-10:14,행27:21-44,시8:1-9,잠18:23-24,https://www.youtube.com/watch?v=xC2CaDhwCUw
192,07,11,대상11:1-12:18,행28:1-31,시9:1-12,잠19:1-3,https://youtu.be/HBZZ00imaRY
193,07,12,대상12:19-14:17,롬1:1-17,시9:13-20,잠19:4-5,https://www.youtube.com/watch?v=Cq6wSZkzyPE
194,07,13,대상15:1-16:36,롬1:18-32,시10:1-15,잠19:6-7,https://www.youtube.com/watch?v=0Yf_1hNJijY
195,07,14,대상16:37-18:17,롬2:1-24,시10:16-18,잠19:8-9,https://www.youtube.com/watch?v=Hz4QkJ0kbJI
196,07,15,대상19:1-21:30,롬2:25-3:8,시11:1-7,잠19:10-12,https://www.youtube.com/watch?v=7RMIW3g_wK8
197,07,16,대상22:1-23:32,롬3:9-31,시12:1-8,잠19:13-14,https://www.youtube.com/watch?v=O74zxe8kVfM
198,07,17,대상24:1-26:11,롬4:1-12,시13:1-6,잠19:15-16,https://www.youtube.com/watch?v=h2PvzARV9Hk
199,07,18,대상26:12-27:34,롬4:13-5:5,시14:1-7,잠19:17,https://www.youtube.com/watch?v=Rsgu8P74g_s
200,07,19,대상28:1-29:30,롬5:6-21,시15:1-5,잠19:18-19,https://www.youtube.com/watch?v=0InKkOMg9U0
201,07,20,대하1:1-3:17,롬6:1-23,시16:1-11,잠19:20-21,https://www.youtube.com/watch?v=mxJYltchkGA
202,07,21,대하4:1-6:11,롬7:1-13,시17:1-15,잠19:22-23,https://www.youtube.com/watch?v=smKRgbJHIeo
203,07,22,대하6:12-8:10,롬7:14-8:8,시18:1-15,잠19:24-25,https://www.youtube.com/watch?v=LViHCqroGYE
204,07,23,대하8:11-10:19,롬8:9-21,시18:16-36,잠19:26,https://www.youtube.com/watch?v=n_DWIxomnhw
205,07,24,대하11:1-13:22,롬8:22-39,시18:37-50,잠19:27-29,https://www.youtube.com/watch?v=bxTE9-Fvf1w
206,07,25,대하14:1-16:14,롬9:1-21,시19:1-14,잠20:1,https://www.youtube.com/watch?v=YML4Jn058Wo
207,07,26,대하17:1-18:34,롬9:22-10:13,시20:1-9,잠20:2-3,https://www.youtube.com/watch?v=Z63xeWaavKw 
208,07,27,대하19:1-20:37,롬10:14-11:12,시21:1-13,잠20:4-6,https://www.youtube.com/watch?v=486dW-uVdBg
209,07,28,대하21:1-23:21,롬11:13-36,시22:1-18,잠20:7,https://www.youtube.com/watch?v=fhXporLmF_0
210,07,29,대하24:1-25:28,롬12:1-21,시22:19-31,잠20:8-10,https://www.youtube.com/watch?v=-QuPVAdOJWQ
211,07,30,대하26:1-28:27,롬13:1-14,시23:1-6,잠20:11,https://www.youtube.com/watch?v=jijM0C_oCjY
212,07,31,대하29:1-36,롬14:1-23,시24:1-10,잠20:12,https://www.youtube.com/watch?v=YFNIKjrB9dI
213,08,01,대하30:1-31:21,롬15:1-22,시25:1-15,잠20:13-15,https://www.youtube.com/watch?v=aOWdUccNFu4
214,08,02,대하32:1-33:13,롬15:23-16:7,시25:16-22,잠20:16-18,https://www.youtube.com/watch?v=iI-PFc277IE
215,08,03,대하33:14-34:33,롬16:8-27,시26:1-12,잠20:19,https://www.youtube.com/watch?v=a-4Ks-qZyyE
216,08,04,대하35:1-36:23,고전1:1-17,시27:1-6,잠20:20-21,https://www.youtube.com/watch?v=LxI_MyQi2wE
217,08,05,스1:1-2:70,고전1:18-2:5,시27:7-14,잠20:22-23,https://www.youtube.com/watch?v=A8-sCmNEjtE
218,08,06,스3:1-4:24,고전2:6-3:4,시28:1-9,잠20:24-25,https://www.youtube.com/watch?v=qfyYetkzsQs
219,08,07,스5:1-6:22,고전3:5-23,시29:1-11,잠20:26-27,https://www.youtube.com/watch?v=rfmhcewVKDg
220,08,08,스7:1-8:20,고전4:1-21,시30:1-12,잠20:28-30,https://www.youtube.com/watch?v=Vc_GELY7WZs
221,08,09,스8:21-9:15,고전5:1-13,시31:1-8,잠21:1-2,https://www.youtube.com/watch?v=Xr4mYNQtl54
222,08,10,스10:1-44,고전6:1-20,시31:9-18,잠21:3,https://www.youtube.com/watch?v=SttnMFT4cNA
223,08,11,느1:1-3:14,고전7:1-24,시31:19-24,잠21:4,https://www.youtube.com/watch?v=RFkv-Tfwobc
224,08,12,느3:15-5:13,고전7:25-40,시32:1-11,잠21:5-7,https://www.youtube.com/watch?v=19ceGE1lhQU
225,08,13,느5:14-7:60,고전8:1-13,시33:1-11,잠21:8-10,https://www.youtube.com/watch?v=EWiVmJdEE30
226,08,14,느7:61-9:21,고전9:1-18,시33:12-22,잠21:11-12,https://www.youtube.com/watch?v=N3mLUd0pMeM
227,08,15,느9:22-10:39,고전9:19-10:13,시34:1-10,잠21:13,https://www.youtube.com/watch?v=ZECDpWQNrR0
228,08,16,느11:1-12:26,고전10:14-11:2,시34:11-22,잠21:14-16,https://www.youtube.com/watch?v=rmRy6BqRC4M
229,08,17,느12:27-13:31,고전11:3-16,시35:1-16,잠21:17-18,https://www.youtube.com/watch?v=3HlU01Pa0qw
230,08,18,에1:1-3:15,고전11:17-34,시35:17-28,잠21:19-20,https://www.youtube.com/watch?v=rFCz2JSpPPc
231,08,19,에4:1-7:10,고전12:1-26,시36:1-12,잠21:21-22,https://www.youtube.com/watch?v=NLeEB0O4pRM
232,08,20,에8:1-10:3,고전12:27-13:13,시37:1-11,잠21:23-24,https://www.youtube.com/watch?v=dr-P9k3Re9k
233,08,21,욥1:1-3:26,고전14:1-17,시37:12-29,잠21:25-26,https://www.youtube.com/watch?v=RnL-ZMMTau4
234,08,22,욥4:1-7:21,고전14:18-40,시37:30-40,잠21:27,https://www.youtube.com/watch?v=430vB3CjoeM
235,08,23,욥8:1-11:20,고전15:1-28,시38:1-22,잠21:28-29,https://youtu.be/mduTPSUG1FU
236,08,24,욥12:1-15:35,고전15:29-58,시39:1-13,잠21:30-31,https://www.youtube.com/watch?v=fHQgy7qTB0c
237,08,25,욥16:1-19:29,고전16:1-24,시40:1-10,잠22:1,https://www.youtube.com/watch?v=V0mUD09djvA
238,08,26,욥20:1-22:30,고후1:1-11,시40:11-17,잠22:2-4,https://www.youtube.com/watch?v=3day46_u9V0
239,08,27,욥23:1-27:23,고후1:12-2:11,시41:1-13,잠22:5-6,https://www.youtube.com/watch?v=rhDStjt98BQ
240,08,28,욥28:1-30:31,고후2:12-17,시42:1-11,잠22:7,https://www.youtube.com/watch?v=xu1jZlID-eo
241,08,29,욥31:1-33:33,고후3:1-18,시43:1-5,잠22:8-9,https://www.youtube.com/watch?v=e7_x2bRgF3M
242,08,30,욥34:1-36:33,고후4:1-12,시44:1-8,잠22:10-12,https://www.youtube.com/watch?v=4zDZUnWjFY0&t=142s
243,08,31,욥37:1-39:30,고후4:13-5:10,시44:9-26,잠22:13,https://www.youtube.com/watch?v=GIloP5gYVI0&t=6s
244,09,01,욥40:1-42:17,고후5:11-21,시45:1-17,잠22:14,https://www.youtube.com/watch?v=3vOltIGCWn8
245,09,02,전1:1-3:22,고후6:1-13,시46:1-11,잠22:15,https://www.youtube.com/watch?v=uu38zdJXo-A
246,09,03,전4:1-6:12,고후6:14-7:7,시47:1-9,잠22:16,https://www.youtube.com/watch?v=CLOqOmC75Bo
247,09,04,전7:1-9:18,고후7:8-16,시48:1-14,잠22:17-19,https://www.youtube.com/watch?v=cnJyc__BAgI
248,09,05,전10:1-12:14,고후8:1-15,시49:1-20,잠22:20-21,https://www.youtube.com/watch?v=zZCd0Cqp2zc
249,09,06,아1:1-4:16,고후8:16-24,시50:1-23,잠22:22-23,https://www.youtube.com/watch?v=djF2F6Z9MmM
250,09,07,아5:1-8:14,고후9:1-15,시51:1-19,잠22:24-25,https://www.youtube.com/watch?v=st7A2-r9sj0\ 
251,09,08,사1:1-2:22,고후10:1-18,시52:1-9,잠22:26-27,https://www.youtube.com/watch?v=KprlVcyMnjo
252,09,09,사3:1-5:30,고후11:1-15,시53:1-6,잠22:28-29,https://www.youtube.com/watch?v=1wt41b9LaMY
253,09,10,사6:1-7:25,고후11:16-33,시54:1-7,잠23:1-3,https://www.youtube.com/watch?v=2i1qSKIQF-I
254,09,11,사8:1-9:21,고후12:1-10,시55:1-23,잠23:4-5,https://www.youtube.com/watch?v=6yDSd-P8mYY
255,09,12,사10:1-11:16,고후12:11-21,시56:1-13,잠23:6-8,https://www.youtube.com/watch?v=0SNNt1BZOUM
256,09,13,사12:1-14:32,고후13:1-14,시57:1-11,잠23:9-11,https://www.youtube.com/watch?v=pV3TPYeJ2Ws
257,09,14,사15:1-18:7,갈1:1-24,시58:1-11,잠23:12,https://www.youtube.com/watch?v=u5yObI4Y-Jo&t=27s
258,09,15,사19:1-21:17,갈2:1-16,시59:1-17,잠23:13-14,https://www.youtube.com/watch?v=emVVxrrkfJ0
259,09,16,사22:1-24:23,갈2:17-3:9,시60:1-12,잠23:15-16,https://www.youtube.com/watch?v=zfQEdIO9xd8
260,09,17,사25:1-28:13,갈3:10-22,시61:1-8,잠23:17-18,https://www.youtube.com/watch?v=L9QtwCbPELY
261,09,18,사28:14-30:11,갈3:23-4:31,시62:1-12,잠23:19-21,https://www.youtube.com/watch?v=nO7CU9JjRog
262,09,19,사30:12-33:12,갈5:1-12,시63:1-11,잠23:22,https://www.youtube.com/watch?v=j35pbfDrqVg
263,09,20,사33:13-36:22,갈5:13-26,시64:1-10,잠23:23,https://www.youtube.com/watch?v=jpKPWCI5ivs
264,09,21,사37:1-38:22,갈6:1-18,시65:1-13,잠23:24-25,https://www.youtube.com/watch?v=QPYchKxqacE
265,09,22,사39:1-41:16,엡1:1-23,시66:1-20,잠23:26-28,https://www.youtube.com/watch?v=zmUjyKFuSPs
266,09,23,사41:17-43:13,엡2:1-22,시67:1-7,잠23:29-35,https://www.youtube.com/watch?v=YF0vIA-j-No
267,09,24,사43:14-45:10,엡3:1-21,시68:1-18,잠24:1-2,https://www.youtube.com/watch?v=MoE41SGOdbY
268,09,25,사45:11-48:11,엡4:1-16,시68:19-35,잠24:3-4,https://www.youtube.com/watch?v=c7Hz8is9RR8
269,09,26,사48:12-50:11,엡4:17-32,시69:1-18,잠24:5-6,https://www.youtube.com/watch?v=K6kVbAatQjw
270,09,27,사51:1-53:12,엡5:1-33,시69:19-36,잠24:7,https://www.youtube.com/watch?v=_i6JhsP9ZPw
271,09,28,사54:1-57:13,엡6:1-24,시70:1-5,잠24:8,https://www.youtube.com/watch?v=jU_W3W-cPaU
272,09,29,사57:14-59:21,빌1:1-26,시71:1-24,잠24:9-10,https://www.youtube.com/watch?v=UH3NDtCITcM
273,09,30,사60:1-62:5,빌1:27-2:18,시72:1-20,잠24:11-12,https://www.youtube.com/watch?v=PsVjBqGp5FQ
274,10,01,사62:6-65:25,빌2:19-3:4a,시73:1-28,잠24:13-14,https://www.youtube.com/watch?v=Y9hoWTKNxfI
275,10,02,사66:1-24,빌3:4b-21,시74:1-23,잠24:15-16,https://www.youtube.com/watch?v=tsYqpujKS1k
276,10,03,렘1:1-2:30,빌4:1-23,시75:1-10,잠24:17-20,https://www.youtube.com/watch?v=TL6VS0un6M8
277,10,04,렘2:31-4:18,골1:1-20,시76:1-12,잠24:21-22,https://www.youtube.com/watch?v=I-xAJ_Otm3s
278,10,05,렘4:19-6:14,골1:21-2:7,시77:1-20,잠24:23-25,https://www.youtube.com/watch?v=z6fDzkvTgHs
279,10,06,렘6:15-8:7,골2:8-23,시78:1-31,잠24:26,https://www.youtube.com/watch?v=K6FCkZRYvmc
280,10,07,렘8:8-9:26,골3:1-17,시78:32-55,잠24:27,https://www.youtube.com/watch?v=rDjJ5Nr7gWU
281,10,08,렘10:1-11:23,골3:18-4:18,시78:56-72,잠24:28-29,https://www.youtube.com/watch?v=evL6c4ADOwI&t=45s
282,10,09,렘12:1-14:10,살전1:1-2:9,시79:1-13,잠24:30-34,https://www.youtube.com/watch?v=W1_js_Crte4
283,10,10,렘14:11-16:15,살전2:10-3:13,시80:1-19,잠25:1-5,https://www.youtube.com/watch?v=7y0H3wzZyTg
284,10,11,렘16:16-18:23,살전4:1-5:3,시81:1-16,잠25:6-7,https://www.youtube.com/watch?v=J1A80xwOWRY 
285,10,12,렘19:1-21:14,살전5:4-28,시82:1-8,잠25:8-10,https://www.youtube.com/watch?v=PkmSKjFtAsw
286,10,13,렘22:1-23:20,살후1:1-12,시83:1-18,잠25:11-14,https://www.youtube.com/watch?v=un0yZ3g2s8A
287,10,14,렘23:21-25:38,살후2:1-17,시84:1-12,잠25:15,https://www.youtube.com/watch?v=33fy_mwCXAI
288,10,15,렘26:1-27:22,살후3:1-18,시85:1-13,잠25:16,https://www.youtube.com/watch?v=TjR4vtTeEdQ
289,10,16,렘28:1-29:32,딤전1:1-20,시86:1-17,잠25:17,https://www.youtube.com/watch?v=tmfspX2Y8TU
290,10,17,렘30:1-31:26,딤전2:1-15,시87:1-7,잠25:18-19,https://www.youtube.com/watch?v=oVkYn9M4kUs
291,10,18,렘31:27-32:44,딤전3:1-16,시88:1-18,잠25:20-22,https://www.youtube.com/watch?v=2A1-K2gJYec&t=5s
292,10,19,렘33:1-34:22,딤전4:1-16,시89:1-13,잠25:23-24,https://www.youtube.com/watch?v=x0nBWL8StIA&t=1s
293,10,20,렘35:1-36:32,딤전5:1-25,시89:14-37,잠25:25-27,https://www.youtube.com/watch?v=hEFp_kM5f_Q
294,10,21,렘37:1-38:28,딤전6:1-21,시89:38-52,잠25:28,https://www.youtube.com/watch?v=9hzN5HTBjy0
295,10,22,렘39:1-41:18,딤후1:1-18,시90:1-91:16,잠26:1-2,https://www.youtube.com/watch?v=ODiuk9eqe_4
296,10,23,렘42:1-44:23,딤후2:1-21,시92:1-93:5,잠26:3-5,https://www.youtube.com/watch?v=ykEP_veveRM
297,10,24,렘44:24-47:7,딤후2:22-3:17,시94:1-23,잠26:6-8,https://www.youtube.com/watch?v=L2mN67PpDy4
298,10,25,렘48:1-49:22,딤후4:1-22,시95:1-96:13,잠26:9-12,https://www.youtube.com/watch?v=hd7AbUFxvKc
299,10,26,렘49:23-50:46,딛1:1-16,시97:1-98:9,잠26:13-16,https://www.youtube.com/watch?v=jf7wL0na0PM
300,10,27,렘51:1-53,딛2:1-15,시99:1-9,잠26:17,https://www.youtube.com/watch?v=xVUyPt1m_zs
301,10,28,렘51:54-52:34,딛3:1-15,시100:1-5,잠26:18-19,https://www.youtube.com/watch?v=ceafXGCU9uY
302,10,29,애1:1-2:19,몬1:1-25,시101:1-8,잠26:20,https://www.youtube.com/watch?v=j9SiZu79nVM
303,10,30,애2:20-3:66,히1:1-14,시102:1-28,잠26:21-22,https://www.youtube.com/watch?v=sHqGw3bpObI
304,10,31,애4:1-5:22,히2:1-18,시103:1-22,잠26:23,https://www.youtube.com/watch?v=vdVbUnRuP8E
305,11,01,겔1:1-3:15,히3:1-19,시104:1-23,잠26:24-26,https://youtu.be/GKavFXfL-ks
306,11,02,겔3:16-6:14,히4:1-16,시104:24-35,잠26:27,https://youtu.be/CGm20FfHBMs
307,11,03,겔7:1-9:11,히5:1-14,시105:1-15,잠26:28,https://www.youtube.com/watch?v=9KgjsUhT6Kg
308,11,04,겔10:1-11:25,히6:1-20,시105:16-36,잠27:1-2,https://www.youtube.com/watch?v=Cx5WUfH0DB4
309,11,05,겔12:1-14:11,히7:1-17,시105:37-45,잠27:3,https://www.youtube.com/watch?v=qa7jcc_zB3A
310,11,06,겔14:12-16:42,히7:18-28,시106:1-12,잠27:4-6,https://www.youtube.com/watch?v=wgXJtQmGH-Y
311,11,07,겔16:43-17:24,히8:1-13,시106:13-31,잠27:7-9,https://www.youtube.com/watch?v=zvNHpnXdtqw
312,11,08,겔18:1-19:14,히9:1-10,시106:32-48,잠27:10,https://www.youtube.com/watch?v=n3SJj4JEVlI
313,11,09,겔20:1-49,히9:11-28,시107:1-43,잠27:11,https://www.youtube.com/watch?v=9ot87IMTDgg
314,11,10,겔21:1-22:31,히10:1-17,시108:1-13,잠27:12,https://www.youtube.com/watch?v=DVoxQeA4Vs4
315,11,11,겔23:1-49,히10:18-39,시109:1-31,잠27:13,https://www.youtube.com/watch?v=9EM8TIlj4zc
316,11,12,겔24:1-26:21,히11:1-16,시110:1-7,잠27:14,https://www.youtube.com/watch?v=WQcz9UrS-Uc
317,11,13,겔27:1-28:26,히11:17-31,시111:1-10,잠27:15-16,https://www.youtube.com/watch?v=qBmlC3PasKk
318,11,14,겔29:1-30:26,히11:32-12:13,시112:1-10,잠27:17,https://www.youtube.com/watch?v=qqT7fm7Vk7g
319,11,15,겔31:1-32:32,히12:14-29,시113:1-114:8,잠27:18-20,https://www.youtube.com/watch?v=Zv2pBc5geR0
320,11,16,겔33:1-34:31,히13:1-25,시115:1-18,잠27:21-22,https://www.youtube.com/watch?v=EmtzIgIy3Xc
321,11,17,겔35:1-36:38,약1:1-18,시116:1-19,잠27:23-27,https://www.youtube.com/watch?v=EmtzIgIy3Xc
322,11,18,겔37:1-38:23,약1:19-2:17,시117:1-2,잠28:1,https://www.youtube.com/watch?v=fwM4WJKgckk
323,11,19,겔39:1-40:27,약2:18-3:18,시118:1-18,잠28:2,https://www.youtube.com/watch?v=YF4rOwu-gEU
324,11,20,겔40:28-41:26,약4:1-17,시118:19-29,잠28:3-5,https://www.youtube.com/watch?v=uvL3UqS9Opg
325,11,21,겔42:1-43:27,약5:1-20,시119:1-16,잠28:6-7,https://www.youtube.com/watch?v=y1zb38Ayn1c
326,11,22,겔44:1-45:12,벧전1:1-12,시119:17-32,잠28:8-10,https://www.youtube.com/watch?v=X3JuH3JPY2I
327,11,23,겔45:13-46:24,벧전1:13-2:10,시119:33-48,잠28:11,https://www.youtube.com/watch?v=kS54wbKCSzM&t=145s
328,11,24,겔47:1-48:35,벧전2:11-3:7,시119:49-64,잠28:12-13,https://www.youtube.com/watch?v=BbQnO48vPls
329,11,25,단1:1-2:23,벧전3:8-4:6,시119:65-80,잠28:14,https://www.youtube.com/watch?v=T_6ikK1sZbk
330,11,26,단2:24-3:30,벧전4:7-5:14,시119:81-96,잠28:15-16,https://www.youtube.com/watch?v=kmDLvMXRVP0
331,11,27,단4:1-37,벧후1:1-21,시119:97-112,잠28:17-18,https://www.youtube.com/watch?v=vEoNSYm3aY4
332,11,28,단5:1-31,벧후2:1-22,시119:113-128,잠28:19-20,https://www.youtube.com/watch?v=VI-qHMqrYzc
333,11,29,단6:1-28,벧후3:1-18,시119:129-152,잠28:21-22,https://www.youtube.com/watch?v=vDVHXopwh8w
334,11,30,단7:1-28,요일1:1-10,시119:153-176,잠28:23-24,https://www.youtube.com/watch?v=SxTWXUQTVPU
335,12,01,단8:1-27,요일2:1-17,시120:1-7,잠28:25-26,https://www.youtube.com/watch?v=E8mX61D8eeE
336,12,02,단9:1-11:1,요일2:18-3:6,시121:1-8,잠28:27-28,https://www.youtube.com/watch?v=xQI0Ow_nxUo
337,12,03,단11:2-35,요일3:7-24,시122:1-9,잠29:1,https://www.youtube.com/watch?v=CO-9BsYeG2I
338,12,04,단11:36-12:13,요일4:1-21,시123:1-4,잠29:2-4,https://www.youtube.com/watch?v=HoRoBxZZ37U
339,12,05,호1:1-3:5,요일5:1-21,시124:1-8,잠29:5-8,https://www.youtube.com/watch?v=-rKzeUSeLnI
340,12,06,호4:1-5:15,요이1:1-13,시125:1-5,잠29:9-11,https://www.youtube.com/watch?v=ZulCMo_q7fs
341,12,07,호6:1-9:17,요삼1:1-14,시126:1-6,잠29:12-14,https://www.youtube.com/watch?v=x0IcIUT7aIU
342,12,08,호10:1-14:9,유1:1-25,시127:1-5,잠29:15-17,https://www.youtube.com/watch?v=PRgupRVh7jo
343,12,09,욜1:1-3:21,계1:1-20,시128:1-6,잠29:18,https://www.youtube.com/watch?v=jwPWszTWg2g
344,12,10,암1:1-3:15,계2:1-17,시129:1-8,잠29:19-20,https://www.youtube.com/watch?v=y-k-wUXL2jQ
345,12,11,암4:1-6:14,계2:18-3:6,시130:1-8,잠29:21-22,https://www.youtube.com/watch?v=Lr2DxHZ-un4
346,12,12,암7:1-9:15,계3:7-22,시131:1-3,잠29:23,https://www.youtube.com/watch?v=8aE-_Navx6c&t=79s
347,12,13,옵1:1-21,계4:1-11,시132:1-18,잠29:24-25,https://www.youtube.com/watch?v=KCx_ZDVlG0g
348,12,14,욘1:1-4:11,계5:1-14,시133:1-3,잠29:26-27,https://www.youtube.com/watch?v=iBs5NTzm4Sw
349,12,15,미1:1-4:13,계6:1-17,시134:1-3,잠30:1-4,https://www.youtube.com/watch?v=Om9CKdyu3bg
350,12,16,미5:1-7:20,계7:1-17,시135:1-21,잠30:5-6,https://www.youtube.com/watch?v=H5vy1TU_Pr8
351,12,17,나1:1-3:19,계8:1-13,시136:1-26,잠30:7-9,https://www.youtube.com/watch?v=5qkRHhPhdAY
352,12,18,합1:1-3:19,계9:1-21,시137:1-9,잠30:10,https://www.youtube.com/watch?v=gqFVUibypoQ
353,12,19,습1:1-3:20,계10:1-11,시138:1-8,잠30:11-14,https://www.youtube.com/watch?v=dOEt6-h0va0
354,12,20,학1:1-2:23,계11:1-19,시139:1-24,잠30:15-16,https://www.youtube.com/watch?v=pE5P6-Z4ilA
355,12,21,슥1:1-21,계12:1-13:1상,시140:113,잠30:17,https://www.youtube.com/watch?v=nrnpc55GiSQ
356,12,22,슥2:1-3:10,계13:1하-18,시141:1-10,잠30:18-20,https://www.youtube.com/watch?v=ariolcq5TFY
357,12,23,슥4:1-5:11,계14:1-20,시142:1-7,잠30:21-23,https://www.youtube.com/watch?v=6LeHVPrAxHA
358,12,24,슥6:1-7:14,계15:1-8,시143:1-12,잠30:24-28,https://www.youtube.com/watch?v=NplcAVyvz7o
359,12,25,슥8:1-23,계16:1-21,시144:1-15,잠30:29-31,https://www.youtube.com/watch?v=pKjmo7O-Eh0
360,12,26,슥9:1-17,계17:1-18,시145:1-21,잠30:32,https://www.youtube.com/watch?v=xUPf7s4PRa4
361,12,27,슥10:1-11:17,계18:1-24,시146:1-10,잠30:33,https://www.youtube.com/watch?v=Nne4-_4Fibs
362,12,28,슥12:1-13:9,계19:1-21,시147:1-20,잠31:1-7,https://www.youtube.com/watch?v=27xeLrzgFC4
363,12,29,슥14:1-21,계20:1-15,시148:1-14,잠31:8-9,https://www.youtube.com/watch?v=qX27z4fAeQM
364,12,30,말1:1-2:17,계21:1-27,시149:1-9,잠31:10-24,https://www.youtube.com/watch?v=HiJsieU3Eh8
365,12,31,말3:1-4:6,계22:1-21,시150:1-6,잠31:25-31,https://www.youtube.com/watch?v=2BsNX1FILX0
366,,,,,,,
